Dates,EVI_mean,LSWI_mean
2017-03-31,0.23981213673051208,0.5083395422471282
2017-04-01,0.23995002498303816,0.5027051474376882
2017-04-02,0.24010574598047563,0.497058835287476
2017-04-03,0.2402796733654325,0.49140026038942236
2017-04-04,0.2404720052273959,0.4857291818085038
2017-04-05,0.24068277030037893,0.4800454501595972
2017-04-06,0.2409118341606518,0.4743489949186839
2017-04-07,0.2411589055164048,0.4686398118711155
2017-04-08,0.24142354265081067,0.46291795059280677
2017-04-09,0.24170516004375717,0.45718350187431517
2017-04-10,0.24200303514277435,0.4514365849822062
2017-04-11,0.24231631522557143,0.44567733462687326
2017-04-12,0.242644024236193,0.4399058874551037
2017-04-13,0.24298506943777953,0.43412236780808716
2017-04-14,0.2433382476640623,0.42832687237611505
2017-04-15,0.24370225090017844,0.42251945320333795
2017-04-16,0.24407567086108523,0.4167000982751703
2017-04-17,0.24445700217065752,0.4108687085715007
2017-04-18,0.24484464369432513,0.4050250700020097
2017-04-19,0.2452369006639477,0.39916882686259453
2017-04-20,0.24563199771564675,0.39329948495409356
2017-04-21,0.24602809598662453,0.3874164251823647
2017-04-22,0.2464233142645582,0.3815189215581838
2017-04-23,0.24681576082641718,0.37560616477407077
2017-04-24,0.2472035905586225,0.3696772905074963
2017-04-25,0.24758511908022166,0.36373140603321663
2017-04-26,0.24795905653732425,0.35776757180594676
2017-04-27,0.24832498059853758,0.351784596397903
2017-04-28,0.24868432822354924,0.3457805533609207
2017-04-29,0.2490424114072864,0.3397518247539772
2017-04-30,0.24941217496897555,0.33369145015903556
2017-05-01,0.24981988604102692,0.3275870707064844
2017-05-02,0.2503089081593116,0.32142117380152546
2017-05-03,0.25112584736936744,0.3154442623823259
2017-05-04,0.25200299512102264,0.30967888924982956
2017-05-05,0.25294528420916296,0.30415513960414425
2017-05-06,0.2539581945227309,0.2988918256385067
2017-05-07,0.25504719517793095,0.2938963761100211
2017-05-08,0.25621721914244455,0.2891658801170841
2017-05-09,0.2574722551802876,0.28468889250166485
2017-05-10,0.2588150534428763,0.2804476634906641
2017-05-11,0.26024694210587174,0.2764204628940095
2017-05-12,0.2617677523409954,0.2725836968467176
2017-05-13,0.263375813181945,0.268913911068808
2017-05-14,0.2650679096993756,0.26539040028218064
2017-05-15,0.266839307845248,0.2619968105313333
2017-05-16,0.268683854777668,0.2587217096541994
2017-05-17,0.2705941321340881,0.25555854672645506
2017-05-18,0.2725616501328153,0.2525053254178174
2017-05-19,0.27457709772766165,0.2495643972673395
2017-05-20,0.2766306987251229,0.24674279714763217
2017-05-21,0.2787126346551947,0.24405214053682267
2017-05-22,0.2808134920067432,0.24150809928504074
2017-05-23,0.28292463542879387,0.2391298394438881
2017-05-24,0.2850387241214965,0.2369403663477865
2017-05-25,0.2871501793556446,0.23496557210366434
2017-05-26,0.28925550090667873,0.23323222856974768
2017-05-27,0.2913533643844254,0.23176561437598364
2017-05-28,0.2934444167295348,0.2305868176629095
2017-05-29,0.2955306705757173,0.22971062857241872
2017-05-30,0.29761462309508074,0.22914647486936893
2017-05-31,0.29969846664228816,0.22889938499915463
2017-06-01,0.301783479621943,0.2289704748107416
2017-06-02,0.30386958736070174,0.22935735447691172
2017-06-03,0.30595513577941785,0.2300543095274608
2017-06-04,0.30803687633323645,0.23105213855011167
2017-06-05,0.31011014295561795,0.23233776846606322
2017-06-06,0.3121691813775194,0.23389386178970448
2017-06-07,0.3142075082982129,0.23569764106081284
2017-06-08,0.31621825119535435,0.237719811589906
2017-06-09,0.31819429157473006,0.23992533708233224
2017-06-10,0.3201282974395673,0.24227496725684405
2017-06-11,0.3220127074275904,0.244726692533359
2017-06-12,0.3238396995237372,0.24723696574699092
2017-06-13,0.3256011905656635,0.24976194246698866
2017-06-14,0.3272888489833475,0.25225857595282053
2017-06-15,0.32889412368724696,0.25468657652097165
2017-06-16,0.3304083541964588,0.25701024881592444
2017-06-17,0.33182293205733165,0.25919985854762057
2017-06-18,0.3331295000573253,0.2612324755528688
2017-06-19,0.3343201832340478,0.26309228166782234
2017-06-20,0.335387840707083,0.2647703961257646
2017-06-21,0.3363263202314972,0.2662642604150033
2017-06-22,0.33713068814144365,0.26757654616395743
2017-06-23,0.3377974315453091,0.26871385672503484
2017-06-24,0.3383246251073385,0.2696853830838594
2017-06-25,0.33871224568760994,0.27050162072419326
2017-06-26,0.338963170720824,0.2711733658631167
2017-06-27,0.3390841716822467,0.27171121041268487
2017-06-28,0.33908619286631464,0.27212545804299954
2017-06-29,0.33898364571094375,0.2724256416083199
2017-06-30,0.33879340039286543,0.2726200694425104
2017-07-01,0.3385337460096644,0.27271556214414516
2017-07-02,0.3382234766305004,0.27271709406260014
2017-07-03,0.3378811019252137,0.27262785430775544
2017-07-04,0.3375241748718329,0.2724497945673774
2017-07-05,0.3371689475022859,0.27218385580496396
2017-07-06,0.3368308114448217,0.27183058581520597
2017-07-07,0.3365244379260107,0.2713912838881448
2017-07-08,0.3362633955757254,0.2708693054115292
2017-07-09,0.3360596872325688,0.2702701602581334
2017-07-10,0.3359234057289101,0.26960117135164186
2017-07-11,0.3358624085246465,0.2688711274973102
2017-07-12,0.33588162286403667,0.26809062266162476
2017-07-13,0.3359825015692653,0.2672737414437967
2017-07-14,0.33616276491952773,0.2664388902991724
2017-07-15,0.3364163181480906,0.2656083110004019
2017-07-16,0.33673294959171207,0.2648068375151445
2017-07-17,0.3370982179071406,0.2640606721919372
2017-07-18,0.3374937563651912,0.2633961973503311
2017-07-19,0.33789797493481794,0.26283894616060494
2017-07-20,0.33828734174424435,0.2624125550311549
2017-07-21,0.3386381307816271,0.2621376782242501
2017-07-22,0.3389283964121682,0.26203099444919203
2017-07-23,0.33914036352918664,0.26210451063527324
2017-07-24,0.33926365322349233,0.2623654991875782
2017-07-25,0.3392963669756486,0.26281807944273355
2017-07-26,0.3392395186572135,0.2634656141955778
2017-07-27,0.33909292188149154,0.26431271306939613
2017-07-28,0.3388547471076137,0.26536573280068504
2017-07-29,0.3385235523167261,0.2666320836595029
2017-07-30,0.3381010040902208,0.26811918581588573
2017-07-31,0.3375936176066763,0.26983325934668995
2017-08-01,0.33701208876012373,0.27177794308153796
2017-08-02,0.33636777858041644,0.2739524927113838
2017-08-03,0.33567014166686215,0.2763501057825356
2017-08-04,0.3349253771854189,0.2789594052409582
2017-08-05,0.33413599531059085,0.2817672669461754
2017-08-06,0.3333009691968982,0.28476163750907896
2017-08-07,0.33241597630882447,0.28793360039966986
2017-08-08,0.33147313907503584,0.2912778806004439
2017-08-09,0.33046108495902976,0.2947908080389861
2017-08-10,0.32936548389676623,0.29846641688052244
2017-08-11,0.3281699984864277,0.3022959435011198
2017-08-12,0.3268572257171204,0.3062684729264342
2017-08-13,0.3254095236713199,0.31037164153708297
2017-08-14,0.3238096952259564,0.31459211850061847
2017-08-15,0.32204147316431486,0.3189155791333231
2017-08-16,0.3200898560070198,0.32332627228242244
2017-08-17,0.3179414032136264,0.3278064692569441
2017-08-18,0.3155846831798777,0.3323368237855927
2017-08-19,0.313010842480949,0.3368970365119403
2017-08-20,0.31021429087523744,0.3414665338948933
2017-08-21,0.30719348930935836,0.3460251130763055
2017-08-22,0.3039517783174352,0.35055350885465253
2017-08-23,0.3004981314120408,0.3550338468400368
2017-08-24,0.2968477060046202,0.35944994998669716
2017-08-25,0.29302205912518425,0.3637874628903259
2017-08-26,0.28904859562633195,0.3680338133093483
2017-08-27,0.2849592567915913,0.3721780267257252
2017-08-28,0.2807889074110252,0.3762104118669206
2017-08-29,0.27657302565687497,0.380122180038944
2017-08-30,0.27234481798287247,0.3839051840266605
2017-08-31,0.26813275477123194,0.3875521677836459
2017-09-01,0.263959587301854,0.3910571803753348
2017-09-02,0.25984273970487215,0.39441597276197465
2017-09-03,0.2557947250886447,0.3976261862883255
2017-09-04,0.2518236426766785,0.40068745225771085
2017-09-05,0.24793386526076036,0.40360143533867016
2017-09-06,0.24412680598910344,0.40637180712251697
2017-09-07,0.24040162237540075,0.4090041358059096
2017-09-08,0.2367556963461651,0.4115056756686946
2017-09-09,0.23318481217335052,0.4138850652262458
2017-09-10,0.22968333931158927,0.4161520136808364
2017-09-11,0.22624444292571927,0.41831690982138153
2017-09-12,0.22286028454508358,0.4203902983204462
2017-09-13,0.21952223829984063,0.4223821516770031
2017-09-14,0.21622105056060853,0.42430100500164675
2017-09-15,0.21294712591304826,0.4261528816184657
2017-09-16,0.20969142230626625,0.4279396796204125
2017-09-17,0.20644836094873295,0.42965835362822824
2017-09-18,0.20322046832053353,0.43130553356438045
2017-09-19,0.20002370247087564,0.43287891766812414
2017-09-20,0.19689126773000748,0.43437669007685137
2017-09-21,0.19387391967147796,0.435797089653294
2017-09-22,0.19103709490159415,0.43713809893426764
2017-09-23,0.1884548582834074,0.4383963606460355
2017-09-24,0.1862017058951551,0.43956607774010575
2017-09-25,0.18434383625830078,0.44063879713796555
2017-09-26,0.18293170105095316,0.4416044481437631
2017-09-27,0.18199497677925616,0.44245373850818337
2017-09-28,0.18154107154832208,0.44318156423197247
2017-09-29,0.18155668243359652,0.4437907855144315
2017-09-30,0.1820113603598243,0.4442944679984802
2017-10-01,0.18286152890208152,0.4447131782891443
2017-10-02,0.18405563226923577,0.44507016905652297
2017-10-03,0.18554278037636207,0.4453872788109626
2017-10-04,0.18728584428184641,0.4456850761871013
2017-10-05,0.1892604603144999,0.44598432041790415
2017-10-06,0.19144573102353699,0.44630674169428886
2017-10-07,0.1938216527241385,0.44667371741104406
2017-10-08,0.19636872010406473,0.4471046902913764
2017-10-09,0.1990679151139947,0.4476160560263432
2017-10-10,0.20190125872502615,0.44822051912996314
2017-10-11,0.20485280447881687,0.44892665920228025
2017-10-12,0.2079093023064258,0.44973896102183253
2017-10-13,0.21106065432487392,0.4506582821496209
2017-10-14,0.2142999052883495,0.45168255463881696
2017-10-15,0.21762226915847932,0.4528076081436412
2017-10-16,0.2210231987887376,0.4540280118177093
2017-10-17,0.22449792279034,0.4553376349017345
2017-10-18,0.22804167416857857,0.4567300140158889
2017-10-19,0.23165017697226659,0.4581988283477541
2017-10-20,0.23532056651900043,0.45973872901201696
2017-10-21,0.23905204546199774,0.46134463014269833
2017-10-22,0.2428458458151226,0.46301141751151836
2017-10-23,0.24670449145149656,0.4647339244499574
2017-10-24,0.25063066613345963,0.46650694083137983
2017-10-25,0.254625626441763,0.46832533697270234
2017-10-26,0.2586872485648457,0.4701845678924461
2017-10-27,0.2628080092787662,0.4720814025831855
2017-10-28,0.26697311861742695,0.47401459224519515
2017-10-29,0.2711592207424092,0.47598530832933
2017-10-30,0.2753341460378893,0.4779973033255299
2017-10-31,0.27945807370464054,0.4800568281900689
2017-11-01,0.28348617166652273,0.4821723812939657
2017-11-02,0.2873723574828931,0.4843545668917958
2017-11-03,0.2910734493801299,0.4866166695210429
2017-11-04,0.29455308296590504,0.48897507460502665
2017-11-05,0.2977845501143362,0.49144882205115387
2017-11-06,0.30075184170597297,0.49405776194322326
2017-11-07,0.3034496560204333,0.4968197146687658
2017-11-08,0.3058824211158813,0.4997471580131216
2017-11-09,0.308061910102309,0.5028442855105733
2017-11-10,0.3100044550936415,0.506105035165171
2017-11-11,0.3117283411464471,0.5095127250783605
2017-11-12,0.31325161085778946,0.5130416049399842
2017-11-13,0.31459034515315776,0.5166600595080904
2017-11-14,0.31575729117520873,0.5203346004484437
2017-11-15,0.3167607884094108,0.5240336529788987
2017-11-16,0.3176040465819921,0.5277303856817521
2017-11-17,0.31828497003724326,0.5314042770347304
2017-11-18,0.3187969103968116,0.5350415412092736
2017-11-19,0.3191308954608402,0.5386347956411276
2017-11-20,0.3192798972620372,0.542182418071675
2017-11-21,0.3192439739030282,0.5456866893876572
2017-11-22,0.31903037930969896,0.549148526007893
2017-11-23,0.3186506580710971,0.5525679157679166
2017-11-24,0.31811774596892745,0.5559447251898322
2017-11-25,0.31744458924192237,0.5592791295976028
2017-11-26,0.31664364233036063,0.5625722682898101
2017-11-27,0.31572698657331816,0.5658269322875699
2017-11-28,0.314706807847475,0.569047180369584
2017-11-29,0.31359512511108706,0.5722370037482474
2017-11-30,0.31240328999621353,0.5753988755699959
2017-12-01,0.3111415164479326,0.5785329230526229
2017-12-02,0.3098184508635059,0.5816371665513387
2017-12-03,0.3084407813459471,0.5847089647393385
2017-12-04,0.3070128793615662,0.5877475397396167
2017-12-05,0.30553686808367625,0.5907564357259578
2017-12-06,0.30401447924316477,0.5937425722708988
2017-12-07,0.3024494493451729,0.5967136640009849
2017-12-08,0.3008492663006158,0.5996758489625756
2017-12-09,0.29922448859487133,0.6026331125061319
2017-12-10,0.297585807952105,0.6055877293435719
2017-12-11,0.29594092278838563,0.6085411221022965
2017-12-12,0.29429411764705526,0.6114941176470673
2017-12-13,0.29264705882352865,0.6144470588235399
2017-12-14,0.29100000000000303,0.6174000000000065
2017-12-15,0.2893529411764822,0.6203529411764512
2017-12-16,0.2877058823529398,0.6233058823529366
2017-12-17,0.28605882352941675,0.6262588235294018
2017-12-18,0.28441176470588636,0.629211764705883
2017-12-19,0.28276470588235303,0.6321647058823483
2017-12-20,0.28111764705882875,0.6351176470588367
2017-12-21,0.27947058823528326,0.6380705882353336
2017-12-22,0.2778235294117696,0.6410235294117997
2017-12-23,0.2761764705882226,0.6439764705882254
2017-12-24,0.2745294117647041,0.646929411764702
2017-12-25,0.2728823529411814,0.6498823529411587
2017-12-26,0.27123529411763925,0.652835294117666
2017-12-27,0.26958823529409653,0.6557882352940971
2017-12-28,0.2679411764705876,0.6587411764705748
2017-12-29,0.26629411764705896,0.6616941176470799
2017-12-30,0.2646470588235295,0.6646470588235381
2017-12-31,0.2630000000000022,0.6675999999999779
2018-01-01,0.2613529411764706,0.6705529411764246
2018-01-02,0.25970588235293174,0.6735058823529149
2018-01-03,0.2580585828019398,0.6764596179710809
2018-01-04,0.2564096976201331,0.6794187547122752
2018-01-05,0.2547566606918953,0.6823918222538521
2018-01-06,0.2530959317337355,0.6853880505599568
2018-01-07,0.2514236384158343,0.6884173225572013
2018-01-08,0.249736077483987,0.6914905994791944
2018-01-09,0.2480297844386467,0.6946196620433474
2018-01-10,0.2463015230169964,0.6978168026894286
2018-01-11,0.24454828526300929,0.7010945781554629
2018-01-12,0.2427672977035851,0.7044655640474868
2018-01-13,0.240956029953995,0.7079420658857607
2018-01-14,0.23911219262847874,0.7115357563868074
2018-01-15,0.23723369959028154,0.7152572247200235
2018-01-16,0.23531863797858843,0.7191154359125089
2018-01-17,0.23336525291040228,0.7231171234676717
2018-01-18,0.23137194142089587,0.7272661600406001
2018-01-19,0.22933721446538652,0.7315629588136918
2018-01-20,0.2272595688452691,0.7360039323677448
2018-01-21,0.2251377185821976,0.7405790313777793
2018-01-22,0.22297141365955656,0.7452666428544091
2018-01-23,0.22076135029788344,0.7500420580713926
2018-01-24,0.21850804165358637,0.7548777769286145
2018-01-25,0.21621220949138897,0.7597415083399471
2018-01-26,0.21387546208152441,0.7645952022016462
2018-01-27,0.21150085431254861,0.7693951706935768
2018-01-28,0.20909401963206295,0.7740942352477023
2018-01-29,0.20666572938271469,0.7786464893298167
2018-01-30,0.2042310995204873,0.7830080139483676
2018-01-31,0.20180773785715403,0.7871369666323934
2018-02-01,0.19941369398457393,0.7909944582947492
2018-02-02,0.19706532792507306,0.7945461118921121
2018-02-03,0.19477536327975997,0.7977639684604466
2018-02-04,0.19255146195012426,0.8006282968159492
2018-02-05,0.1903960709883035,0.8031285606106371
2018-02-06,0.18830866323912904,0.805264208112538
2018-02-07,0.1862881165441388,0.8070516355028204
2018-02-08,0.1843346346999851,0.808524065179917
2018-02-09,0.18245127428513794,0.809706791264361
2018-02-10,0.18064462957709454,0.8106136301179467
2018-02-11,0.17892468561941602,0.8112610060546832
2018-02-12,0.17730359329644438,0.8116759426491772
2018-02-13,0.1757932966563194,0.8118829951699335
2018-02-14,0.17440488500014648,0.8118941950493849
2018-02-15,0.173148413818568,0.8117101295452442
2018-02-16,0.17203275195157808,0.8113276052516886
2018-02-17,0.17106549857514336,0.8107469813158651
2018-02-18,0.17025297371696052,0.8099705121317948
2018-02-19,0.16960026269792916,0.8089881207848616
2018-02-20,0.16911012650761906,0.80777391543794
2018-02-21,0.1687786700234974,0.8062961142653782
2018-02-22,0.1685972211076686,0.8045120532657182
2018-02-23,0.16856211935976112,0.802361636938832
2018-02-24,0.16867463149481168,0.7997768906059102
2018-02-25,0.16893892804128455,0.7966893251796762
2018-02-26,0.16936115170992472,0.7930348986760074
2018-02-27,0.1699486821619643,0.7887591458915202
2018-02-28,0.17070963106366172,0.7838227184233838
2018-03-01,0.17165158430160446,0.7782086754071605
2018-03-02,0.1727804046629384,0.7719284075240179
2018-03-03,0.17409893650329586,0.7650242658909423
2018-03-04,0.17560667416363507,0.7575679560314954
2018-03-05,0.17729989001940522,0.7496543609361603
2018-03-06,0.17917195813681272,0.7413917913988048
2018-03-07,0.18121381718895901,0.7328906698394221
2018-03-08,0.18341451931552097,0.7242527013525556
2018-03-09,0.18576177374466646,0.7155615796645279
2018-03-10,0.18824210180154474,0.7068758470274437
2018-03-11,0.19084010203319834,0.6982289133370146
2018-03-12,0.1935378822820041,0.6896397903565711
2018-03-13,0.1963147235644747,0.6811245984146727
2018-03-14,0.19914716491228263,0.6726987566474116
2018-03-15,0.20200852851005333,0.6643759953770878
2018-03-16,0.20487046230435177,0.6561674343793626
2018-03-17,0.207704915537552,0.6480810157374103
2018-03-18,0.21048584789327215,0.6401220849345881
2018-03-19,0.21319039874860998,0.6322943107130088
2018-03-20,0.21579976227759962,0.624600349493317
2018-03-21,0.21829973434154137,0.617042170889914
2018-03-22,0.22068078736386665,0.609621324989199
2018-03-23,0.2229376614760659,0.6023397116150978
2018-03-24,0.22506874516145342,0.5951983059384202
2018-03-25,0.22707542169517203,0.5881949032912339
2018-03-26,0.22896156603155507,0.5813237409333304
2018-03-27,0.2307307431803582,0.5745818011714543
2018-03-28,0.23238230384516434,0.5679722920843189
2018-03-29,0.2339121755862589,0.5614983021863583
2018-03-30,0.23531703905405316,0.5551594821774383
2018-03-31,0.23659383346924093,0.5489577020429816
2018-04-01,0.23773903368649404,0.5428981502646417
2018-04-02,0.23874845721239565,0.5369873784163764
2018-04-03,0.23961693602533946,0.5312310319901923
2018-04-04,0.24033882625762032,0.5256312560250239
2018-04-05,0.24091186676738097,0.5201827823338597
2018-04-06,0.2413382945165275,0.5148701191041408
2018-04-07,0.24162423675298791,0.5096675404229444
2018-04-08,0.24177823726634895,0.5045420296211642
2018-04-09,0.24180904694680927,0.49945606286730015
2018-04-10,0.24172436184857,0.494371047767176
2018-04-11,0.24153107160185483,0.4892508631842847
2018-04-12,0.24123693320968742,0.4840640267104566
2018-04-13,0.24085096446764262,0.47878164671566176
2018-04-14,0.24038259158022865,0.4733744554824222
2018-04-15,0.23984099235275153,0.46781203238243374
2018-04-16,0.23923492911111027,0.4620650892014008
2018-04-17,0.23857403056977697,0.4561081654614402
2018-04-18,0.23787009156066366,0.4499221830147232
2018-04-19,0.23713766312511458,0.44349625599721415
2018-04-20,0.23639191397521558,0.4368294242317257
2018-04-21,0.235647537686257,0.4299303894557495
2018-04-22,0.2349184312240535,0.4228160374402981
2018-04-23,0.2342177037113693,0.4155110869726439
2018-04-24,0.23355817375171078,0.4080502002929309
2018-04-25,0.23295280646576066,0.4004795958730251
2018-04-26,0.23241505564611045,0.39285408579198594
2018-04-27,0.23195850221166317,0.3852317195121882
2018-04-28,0.23159382778112161,0.3776696031621907
2018-04-29,0.23132987642420755,0.3702140871809791
2018-04-30,0.23117539335459306,0.3628993809541559
2018-05-01,0.23113931101662238,0.3557475181983906
2018-05-02,0.2312304925161217,0.34876872292230227
2018-05-03,0.2314576687785275,0.3419625679987627
2018-05-04,0.23182932318150026,0.3353206273628815
2018-05-05,0.23235363263173545,0.3288283783280423
2018-05-06,0.23303702020257228,0.3224678011466881
2018-05-07,0.23388188995930276,0.31622037462756963
2018-05-08,0.23488477276549774,0.3100702295814689
2018-05-09,0.23603645894214642,0.3040072311401443
2018-05-10,0.23732498910097016,0.2980295444177893
2018-05-11,0.23873811262809866,0.2921447944519178
2018-05-12,0.2402630061365335,0.2863696959850216
2018-05-13,0.24188531378029315,0.2807286219266183
2018-05-14,0.2435884632871804,0.27525136111727627
2018-05-15,0.24535346547139406,0.26996949169987067
2018-05-16,0.24715939176095952,0.2649126900208058
2018-05-17,0.24898466222667912,0.26010546185245653
2018-05-18,0.250808736545187,0.2555648390664159
2018-05-19,0.2526134518223824,0.25129995093958496
2018-05-20,0.25438248572092986,0.24731471658583337
2018-05-21,0.256101780809848,0.24361074688747222
2018-05-22,0.25775900254359874,0.24018828908736975
2018-05-23,0.2593441895322126,0.23704806202389228
2018-05-24,0.26085231138327813,0.23419420802617305
2018-05-25,0.2622834529602348,0.2316335238174203
2018-05-26,0.26364233813840815,0.22937179012343054
2018-05-27,0.26493765748520726,0.22741033593247065
2018-05-28,0.26618098426288017,0.2257536621288596
2018-05-29,0.2673854757853689,0.2244162770915568
2018-05-30,0.2685644717187626,0.22342128997636912
2018-05-31,0.26973004584873034,0.22278683572528532
2018-06-01,0.2708919678171499,0.2225134718189133
2018-06-02,0.27205734310031865,0.2225937015263868
2018-06-03,0.27323088292532993,0.22302394714553658
2018-06-04,0.2744162429138764,0.2237861061352151
2018-06-05,0.2756161597236622,0.22484264721860808
2018-06-06,0.27683209189717706,0.22614138678378423
2018-06-07,0.27806406542734113,0.22762308626033453
2018-06-08,0.27931106734792316,0.22922953932123108
2018-06-09,0.28057011599676535,0.23091064386955537
2018-06-10,0.28183574183299115,0.23262885645854656
2018-06-11,0.2830999126227136,0.2343587112420627
2018-06-12,0.28435175723689243,0.23608286300264555
2018-06-13,0.28557753929964613,0.23778822758616702
2018-06-14,0.2867622472278107,0.23946362300502513
2018-06-15,0.2878918862317751,0.24109832003284917
2018-06-16,0.2889563709956788,0.24268319545885397
2018-06-17,0.2899506320008409,0.24421167803170898
2018-06-18,0.29087376401015763,0.24567839596070273
2018-06-19,0.2917300011114396,0.2470784984678932
2018-06-20,0.2925281512697907,0.2484102157650867
2018-06-21,0.29327832491982725,0.2496740785760082
2018-06-22,0.2939898979829349,0.25087730917685325
2018-06-23,0.2946720471972007,0.25203282677415545
2018-06-24,0.2953330725848597,0.25315802966721196
2018-06-25,0.2959794616702273,0.2542732092645957
2018-06-26,0.2966151743889256,0.2553992828555707
2018-06-27,0.29724196024789395,0.25655657389730785
2018-06-28,0.2978598914540836,0.25776406860346857
2018-06-29,0.29846821465617257,0.25903935257356475
2018-06-30,0.2990648143746888,0.2603981657493262
2018-07-01,0.2996434159107831,0.2618522392999049
2018-07-02,0.30019488827610435,0.2634077447645506
2018-07-03,0.30070703349885913,0.2650675450695217
2018-07-04,0.30116743218166614,0.2668284466605093
2018-07-05,0.30156661741378893,0.2686810655425897
2018-07-06,0.30190003922140163,0.27061122640440505
2018-07-07,0.3021682265322474,0.2726009099116971
2018-07-08,0.3023758854510097,0.27462789846107133
2018-07-09,0.3025313904109544,0.2766657451055081
2018-07-10,0.30264615280562474,0.2786841494762712
2018-07-11,0.3027327591239874,0.2806503360360983
2018-07-12,0.30280262997685403,0.2825311840044174
2018-07-13,0.30286396860050135,0.2842952520348815
2018-07-14,0.30292042826708027,0.28591442007536233
2018-07-15,0.3029715588127551,0.287365833084273
2018-07-16,0.30301488078947386,0.2886336376762309
2018-07-17,0.3030455372228917,0.2897098949607791
2018-07-18,0.3030552093573901,0.2905946028780328
2018-07-19,0.3030312932368131,0.2912946222617699
2018-07-20,0.30295787267840696,0.29182221630579963
2018-07-21,0.30281829913687036,0.29219392629226537
2018-07-22,0.3025971894189207,0.2924293836883282
2018-07-23,0.30228171245990065,0.2925504241590434
2018-07-24,0.3018614324345781,0.2925842605383739
2018-07-25,0.3013288542582593,0.2925627418910829
2018-07-26,0.3006797668234547,0.2925180658101217
2018-07-27,0.2999123329373441,0.2924771130499049
2018-07-28,0.2990255620757556,0.292459291092519
2018-07-29,0.29802091038978573,0.2924798759281554
2018-07-30,0.2969039109810008,0.2925507992275405
2018-07-31,0.295685721693778,0.29268051349753954
2018-08-01,0.294384079318635,0.2928730651524489
2018-08-02,0.29302278910809,0.2931243826925178
2018-08-03,0.29163063564105846,0.29342317301657345
2018-08-04,0.29023703666777084,0.29375682412567194
2018-08-05,0.2888725549448846,0.29411041955046047
2018-08-06,0.2875664523205887,0.2944687914957872
2018-08-07,0.28634149080038757,0.29481851000600406
2018-08-08,0.28521366655129177,0.2951480614920697
2018-08-09,0.28419316364018427,0.2954478573829473
2018-08-10,0.28328501198092165,0.2957107527983108
2018-08-11,0.28248955119943553,0.29593276736224733
2018-08-12,0.2818032773734784,0.2961136273382237
2018-08-13,0.2812213429473579,0.2962566107439923
2018-08-14,0.2807387086443313,0.29636793063251526
2018-08-15,0.28035028021160147,0.2964557559177504
2018-08-16,0.28005063010910225,0.2965293596221961
2018-08-17,0.2798328308068223,0.29659785547575246
2018-08-18,0.2796859607976981,0.29667061836274033
2018-08-19,0.2795945323071881,0.2967561639409327
2018-08-20,0.2795395323983656,0.2968611020781605
2018-08-21,0.27950207365967716,0.29699165042045184
2018-08-22,0.2794657183574312,0.29715614731158885
2018-08-23,0.27941556537949036,0.2973654164429345
2018-08-24,0.27934161069912283,0.2976306392372875
2018-08-25,0.27924099885372183,0.2979620408812168
2018-08-26,0.2791162879092263,0.29836552940400135
2018-08-27,0.2789699294732836,0.29884936331176476
2018-08-28,0.2788059404564611,0.2994234226210396
2018-08-29,0.2786307820567308,0.300097089562074
2018-08-30,0.2784537282147047,0.3008778743198162
2018-08-31,0.27828728187264645,0.30177029936698957
2018-09-01,0.27814716079895874,0.30277525671785954
2018-09-02,0.2780511477836398,0.3038914915437866
2018-09-03,0.27801637474663193,0.30511520773251855
2018-09-04,0.2780558406241072,0.30643742402141033
2018-09-05,0.2781768667387992,0.30784258780653156
2018-09-06,0.2783834009347555,0.3093104779506664
2018-09-07,0.27867360937786645,0.3108185902912947
2018-09-08,0.2790413783399973,0.3123426245688266
2018-09-09,0.2794793944618668,0.31385767661263386
2018-09-10,0.27997893050465045,0.31534023640355513
2018-09-11,0.28052654219013035,0.3167701420558831
2018-09-12,0.2811027113150535,0.3181310022433413
2018-09-13,0.28168212485884414,0.31940996324951443
2018-09-14,0.28223489982583205,0.32059773149281834
2018-09-15,0.28272885060530184,0.32168840828674156
2018-09-16,0.28313269768750887,0.3226797296672089
2018-09-17,0.28341974156107574,0.32357476091054993
2018-09-18,0.2835706358052752,0.3243818314108933
2018-09-19,0.2835739912953507,0.32511201390922323
2018-09-20,0.28342612950131374,0.3257793837528179
2018-09-21,0.2831295642636962,0.3264009715791608
2018-09-22,0.28268979266467287,0.3269946096363614
2018-09-23,0.2821143552464537,0.3275801490470619
2018-09-24,0.28141065185038244,0.3281745372960856
2018-09-25,0.28058613998324966,0.32878983571509146
2018-09-26,0.27964887748543,0.32943123152019566
2018-09-27,0.27860744609256805,0.3300961880500018
2018-09-28,0.2774702382823563,0.3307783054602125
2018-09-29,0.2762440204927189,0.3314699979799843
2018-09-30,0.2749368819605984,0.3321648737556436
2018-10-01,0.273563667052994,0.33286628678928415
2018-10-02,0.27214560289853423,0.3335896771379591
2018-10-03,0.27070820264496537,0.33436207002414775
2018-10-04,0.2692791732914771,0.3352192925982156
2018-10-05,0.2678864884817798,0.3362007977544895
2018-10-06,0.26655733994603326,0.3373450082054122
2018-10-07,0.2653188974648296,0.33868420744810934
2018-10-08,0.26419553070731805,0.3402395322111905
2018-10-09,0.26320504596536853,0.34201751308309974
2018-10-10,0.26235890317960714,0.34400916309114316
2018-10-11,0.2616632659197636,0.34619274560300967
2018-10-12,0.26111721288724865,0.3485376650414459
2018-10-13,0.2607134868925703,0.35100926069811345
2018-10-14,0.2604406247881132,0.35357332460447116
2018-10-15,0.2602850716952586,0.3561993167755549
2018-10-16,0.26023286474144214,0.35886199104715544
2018-10-17,0.26027071059936796,0.3615416197436049
2018-10-18,0.26038663066310075,0.36422356898904107
2018-10-19,0.26057029110971086,0.3668977901313014
2018-10-20,0.26081311077429614,0.3695586198361936
2018-10-21,0.2611082611691262,0.37220508433298993
2018-10-22,0.26145064220199316,0.37484107228173347
2018-10-23,0.2618365502147069,0.37747464159380895
2018-10-24,0.2622632671297595,0.38011751295378887
2018-10-25,0.26272905325189577,0.38278543097348194
2018-10-26,0.2632328332199856,0.38549677510789127
2018-10-27,0.2637746254757686,0.38827209862727785
2018-10-28,0.2643555643757959,0.3911325174592858
2018-10-29,0.26497844276147653,0.39409743862952396
2018-10-30,0.26564853208042016,0.3971812354579555
2018-10-31,0.26637364832368726,0.400390487008998
2018-11-01,0.26716294945781305,0.40372854779313755
2018-11-02,0.2680260808848705,0.4071975978951245
2018-11-03,0.26897160288908795,0.41079712921423367
2018-11-04,0.27000568173787487,0.41452370276954975
2018-11-05,0.27113072002588134,0.41837114669290154
2018-11-06,0.2723441618109005,0.4223307716366202
2018-11-07,0.27363771068427084,0.42639403273083626
2018-11-08,0.27499718017789926,0.43055209701925745
2018-11-09,0.2764039877305445,0.43479101642791806
2018-11-10,0.2778367248819847,0.4390812883024681
2018-11-11,0.279271362320482,0.44338876993542886
2018-11-12,0.2806827984775515,0.4476818959201202
2018-11-13,0.28204725781537654,0.4519355453708069
2018-11-14,0.2833448761755857,0.4561339332285986
2018-11-15,0.2845617153783843,0.4602715062805283
2018-11-16,0.2856894705252282,0.46435072320141485
2018-11-17,0.28672407849586407,0.4683783223079832
2018-11-18,0.28766456976133425,0.4723620052032188
2018-11-19,0.2885128190333164,0.47630942098006507
2018-11-20,0.28927326331579295,0.48022801565890777
2018-11-21,0.28995239168141873,0.4841252781041131
2018-11-22,0.29055813300702377,0.48800942535633507
2018-11-23,0.2910990471905601,0.49188937374105685
2018-11-24,0.2915830343419501,0.495771351348248
2018-11-25,0.2920175479306395,0.49965961212487137
2018-11-26,0.2924106809263259,0.5035577901961609
2018-11-27,0.29276970560351,0.5074669441468448
2018-11-28,0.293101356077025,0.5113889741880829
2018-11-29,0.2934109400233767,0.5153251905778716
2018-11-30,0.293704038244428,0.5192767817620741
2018-12-01,0.2939853055235713,0.5232450600873413
2018-12-02,0.29425830515709067,0.5272312381305051
2018-12-03,0.2945273428095854,0.5312360777548568
2018-12-04,0.29479587153496084,0.5352585724009706
2018-12-05,0.295064558175453,0.5392930354302417
2018-12-06,0.29533333785856763,0.5433336303124583
2018-12-07,0.29560215053763805,0.5473763440860406
2018-12-08,0.2958709677419375,0.55141935483871
2018-12-09,0.29613978494623655,0.5554623655914397
2018-12-10,0.29640860215053794,0.5595053763440772
2018-12-11,0.2966774193548388,0.5635483870967659
2018-12-12,0.29694623655914104,0.5675913978494483
2018-12-13,0.29721505376344187,0.5716344086021427
2018-12-14,0.2974838709677421,0.5756774193548655
2018-12-15,0.29775268817204503,0.5797204301075279
2018-12-16,0.2980215053763443,0.5837634408602339
2018-12-17,0.2982903225806471,0.587806451612909
2018-12-18,0.29855913978494697,0.5918494623655658
2018-12-19,0.29882795698924786,0.5958924731182575
2018-12-20,0.2990967741935468,0.5999354838709868
2018-12-21,0.29936559139784974,0.6039784946236567
2018-12-22,0.2996344086021514,0.6080215053763518
2018-12-23,0.29990322580645024,0.6120645161289978
2018-12-24,0.30017204301075384,0.6161075268817364
2018-12-25,0.300440860215054,0.6201505376343948
2018-12-26,0.3007096774193537,0.6241935483870997
2018-12-27,0.3009784946236529,0.6282365591397526
2018-12-28,0.3012473118279575,0.632279569892523
2018-12-29,0.30151612903225944,0.6363225806451508
2018-12-30,0.3017849462365616,0.6403655913978684
2018-12-31,0.30205376344086066,0.6444086021504914
2019-01-01,0.3023225806451589,0.648451612903225
2019-01-02,0.3025913978494622,0.6524946236558841
2019-01-03,0.3028602150537616,0.6565376344086422
2019-01-04,0.3031290322580645,0.6605806451612437
2019-01-05,0.30339784946236725,0.6646236559139934
2019-01-06,0.30366638633486914,0.6686666870163943
2019-01-07,0.3039328654992164,0.6727098290266992
2019-01-08,0.3041930366197258,0.6767531660423431
2019-01-09,0.3044399910100998,0.6807967602212955
2019-01-10,0.3046648773156394,0.6848406585605232
2019-01-11,0.30485889827710017,0.6888847189830265
2019-01-12,0.3050165161944565,0.692924470269535
2019-01-13,0.30513512248079144,0.6969373363616448
2019-01-14,0.30521392213354726,0.7008780538966892
2019-01-15,0.30525305735939134,0.7046788618630508
2019-01-16,0.3052529934557026,0.7082537752363391
2019-01-17,0.3052141345619338,0.7115083270437998
2019-01-18,0.305136611999402,0.7143540471833079
2019-01-19,0.3050192701416361,0.7167184714141488
2019-01-20,0.30485758198551133,0.7185361415563537
2019-01-21,0.30464659068657046,0.7197543901120815
2019-01-22,0.3043778713911607,0.7203557277993456
2019-01-23,0.3040437210325167,0.7203742762076155
2019-01-24,0.30363818009327626,0.7198799928649489
2019-01-25,0.3031563528921338,0.7189566186708246
2019-01-26,0.30259145763526846,0.717681868436836
2019-01-27,0.301932185322146,0.7161064007826221
2019-01-28,0.30117110181625056,0.7142474043869407
2019-01-29,0.30030846463065136,0.712101797809296
2019-01-30,0.2993538785203938,0.709660589750732
2019-01-31,0.29832693214139466,0.7069202520919133
2019-02-01,0.2972559532682875,0.7038907315966355
2019-02-02,0.2961743284612469,0.7005992992826309
2019-02-03,0.29511438591489225,0.6970903943765779
2019-02-04,0.29410170461914276,0.6934244837368014
2019-02-05,0.29315101725173304,0.6896743870610572
2019-02-06,0.2922647233882128,0.6859177018433634
2019-02-07,0.29143369430348814,0.6822250137127912
2019-02-08,0.2906390861668655,0.6786445328133498
2019-02-09,0.28985698143154703,0.6751964925011144
2019-02-10,0.28906298448651463,0.6718769071196086
2019-02-11,0.2882354416208646,0.668664786348725
2019-02-12,0.28735713875152,0.6655292609914755
2019-02-13,0.2864153746270629,0.6624350622206404
2019-02-14,0.28540035642746414,0.6593462712571927
2019-02-15,0.2843047046209585,0.6562288563759873
2019-02-16,0.2831236741915051,0.6530521681314744
2019-02-17,0.28185529181429925,0.6497903731350919
2019-02-18,0.2805003691464466,0.6464244006917338
2019-02-19,0.2790625114490378,0.6429445505491871
2019-02-20,0.27754796400710396,0.6393535845681391
2019-02-21,0.27596554888322805,0.6356703108659127
2019-02-22,0.27432876569229986,0.6319329677587683
2019-02-23,0.27265612428607067,0.6281984296063872
2019-02-24,0.27096849993442146,0.6245382935704175
2019-02-25,0.2692857772023627,0.6210331388223808
2019-02-26,0.26762542491586194,0.617764706391136
2019-02-27,0.26600261653048424,0.6148029806339949
2019-02-28,0.2644313148472055,0.6121928325418269
2019-03-01,0.2629239914170208,0.609945008520962
2019-03-02,0.26148834220637196,0.6080365381810424
2019-03-03,0.2601241444385689,0.6064145757308683
2019-03-04,0.2588211393629134,0.6050050512807645
2019-03-05,0.25755920441317404,0.6037249882981842
2019-03-06,0.2563118726015487,0.602491885001823
2019-03-07,0.255052808531899,0.6012312622643651
2019-03-08,0.2537633585317453,0.5998832806041348
2019-03-09,0.2524382380436422,0.5984082879372987
2019-03-10,0.2510869823534086,0.5967913143862569
2019-03-11,0.24973072210267988,0.5950407538023871
2019-03-12,0.24839621914774535,0.5931811611715798
2019-03-13,0.24710904623284796,0.5912424235262743
2019-03-14,0.24588608528165506,0.5892486093469486
2019-03-15,0.2447314949860091,0.5872122358563029
2019-03-16,0.2436378827502579,0.5851327503092876
2019-03-17,0.24259054934371838,0.58299857656988
2019-03-18,0.24157272788599057,0.5807935021983816
2019-03-19,0.24057100818405502,0.5785066640035496
2019-03-20,0.23957438170165082,0.5761359686685052
2019-03-21,0.23857419589108478,0.5736852967619971
2019-03-22,0.23756491228328042,0.5711592578464438
2019-03-23,0.2365452049592468,0.5685557421731541
2019-03-24,0.2355186253610767,0.5658613334090493
2019-03-25,0.23449312127685987,0.5630558351163539
2019-03-26,0.23347887960841732,0.560111027526762
2019-03-27,0.23248586803611873,0.5569857060521191
2019-03-28,0.23152724785181897,0.5536275524222061
2019-03-29,0.2306176688092034,0.5499784314154942
2019-03-30,0.22977135630516057,0.5459835272224608
2019-03-31,0.22900047716239563,0.5415961875203519
2019-04-01,0.22831370426451883,0.5367842216215936
2019-04-02,0.2277145340904993,0.5315376824855875
2019-04-03,0.22720257295694032,0.5258701738174737
2019-04-04,0.22677992101635264,0.519810091096408
2019-04-05,0.2264499842459269,0.5133944257235844
2019-04-06,0.22621401995862817,0.5066661226012514
2019-04-07,0.22606874807775365,0.4996727824297176
2019-04-08,0.22600584725187808,0.4924652822591143
2019-04-09,0.22601285045632416,0.4850945957426802
2019-04-10,0.22607387175335372,0.4776054592183606
2019-04-11,0.22617109485923087,0.4700316559685552
2019-04-12,0.22628723858806785,0.4623938858699965
2019-04-13,0.22640819484245397,0.45470053901319335
2019-04-14,0.2265247698684979,0.4469512117242773
2019-04-15,0.22663152863550748,0.4391439183183118
2019-04-16,0.22672591232196837,0.4312781321093457
2019-04-17,0.22680943177255183,0.4233554395575587
2019-04-18,0.22688867667978607,0.4153793835599458
2019-04-19,0.22697541126680612,0.4073544022751487
2019-04-20,0.22708494292702,0.39928491543037054
2019-04-21,0.22723412114421487,0.391174363857894
2019-04-22,0.22744035306083618,0.383024563479842
2019-04-23,0.2277207970971697,0.3748358561036029
2019-04-24,0.22809180269935939,0.36660774766529286
2019-04-25,0.22856840449674015,0.35833956061740974
2019-04-26,0.22916360946695088,0.3500312536205428
2019-04-27,0.22988741698038243,0.34168425000351205
2019-04-28,0.23074531962566422,0.33330399079620043
2019-04-29,0.23173609743583987,0.32490400435449457
2019-04-30,0.23285547405925427,0.3164929966613427
2019-05-01,0.2340997252421233,0.3080573219517783
2019-05-02,0.2354671257962673,0.29957538211805257
2019-05-03,0.23695681243985425,0.29104479835119773
2019-05-04,0.23856523132448376,0.28250070478589806
2019-05-05,0.24028405812215642,0.2740152352664805
2019-05-06,0.24209970031741432,0.2656809932233565
2019-05-07,0.2439931906334581,0.25759963089690746
2019-05-08,0.24594185218438025,0.24986727212296922
2019-05-09,0.24792217182994017,0.24257225213739939
2019-05-10,0.24991205609069314,0.2357832701055508
2019-05-11,0.2518933042696854,0.22953723334624132
2019-05-12,0.2538539288116821,0.22383576294534477
2019-05-13,0.2557901303189169,0.2186505856448158
2019-05-14,0.257706499583995,0.2139350764451381
2019-05-15,0.25961279005291993,0.20963796813565092
2019-05-16,0.26151987897956774,0.20571080840336334
2019-05-17,0.26343663129011047,0.20210878676088243
2019-05-18,0.2653700687240473,0.19879628951507122
2019-05-19,0.267330075770461,0.19575423068331566
2019-05-20,0.2693272069838426,0.1929793235932478
2019-05-21,0.27137002083703526,0.1904805372953326
2019-05-22,0.27346487262092495,0.18827408606160653
2019-05-23,0.27561420024987165,0.1863796854005798
2019-05-24,0.2778207859948122,0.18482692458983202
2019-05-25,0.28008434198294796,0.18365765134933978
2019-05-26,0.28239752992424794,0.18291696313475486
2019-05-27,0.28475050421726045,0.1826331568302854
2019-05-28,0.28713081195546747,0.18281303415269826
2019-05-29,0.2895242372423776,0.18344864603827804
2019-05-30,0.29191658791805336,0.1845197089329874
2019-05-31,0.29429401976443076,0.1859999037179032
2019-06-01,0.29664181189023203,0.18785825419419475
2019-06-02,0.2989444387555937,0.1900547547580016
2019-06-03,0.30119096613960245,0.19253376877039655
2019-06-04,0.30337495799100017,0.19522633323239674
2019-06-05,0.30549265057438213,0.19806005780787356
2019-06-06,0.3075417575544283,0.2009697524508697
2019-06-07,0.3095210189560788,0.20390793251309247
2019-06-08,0.31142977684150874,0.20685138770740613
2019-06-09,0.31326674760568296,0.20978476856549041
2019-06-10,0.3150284503846075,0.21269966704697002
2019-06-11,0.3167103091099326,0.21559312018611526
2019-06-12,0.3183078241191358,0.2184657329967466
2019-06-13,0.31981791135665677,0.22132133739402118
2019-06-14,0.3212411057609011,0.22416508551157366
2019-06-15,0.3225810218595836,0.22700144873872238
2019-06-16,0.3238419560215169,0.22983241309148614
2019-06-17,0.32502795052433076,0.23265590206301107
2019-06-18,0.32614388626909674,0.23546454597980346
2019-06-19,0.32719774187178724,0.23824808021741428
2019-06-20,0.32819885124949266,0.24099586109036114
2019-06-21,0.3291529037996744,0.2436988064954319
2019-06-22,0.33006009708355016,0.2463499703668398
2019-06-23,0.3309154722686513,0.24894414545343904
2019-06-24,0.33171127126722444,0.25147645909007377
2019-06-25,0.33244003903319097,0.25394306058154326
2019-06-26,0.3330982618303795,0.25634229098949246
2019-06-27,0.33368851242791836,0.2586756142245549
2019-06-28,0.3342174067736311,0.2609493632999521
2019-06-29,0.3346927777945614,0.2631756755475577
2019-06-30,0.33512335502827045,0.2653718930786994
2019-07-01,0.3355193565226799,0.26755557020485365
2019-07-02,0.3358924211955095,0.269738383692216
2019-07-03,0.3362529414686239,0.27192152285933857
2019-07-04,0.33660101675542403,0.27409667419212697
2019-07-05,0.33692980642532966,0.27624987816623475
2019-07-06,0.3372280741791682,0.2783643700090676
2019-07-07,0.33748337121842775,0.28042428170928213
2019-07-08,0.3376870216990204,0.28241629290636755
2019-07-09,0.3378359140515481,0.2843310788776679
2019-07-10,0.3379309662308923,0.2861647230955346
2019-07-11,0.3379753149033067,0.2879194024364837
2019-07-12,0.33797280308195654,0.28960054667243135
2019-07-13,0.33792570602666894,0.29121378501288914
2019-07-14,0.3378330501711055,0.29276717672669855
2019-07-15,0.3376899369309491,0.29427156854938125
2019-07-16,0.33748838391347336,0.29573947344512175
2019-07-17,0.33721967408455766,0.29718387600921825
2019-07-18,0.33687772112965864,0.29861687234540274
2019-07-19,0.33646205350621095,0.3000483635002975
2019-07-20,0.3359767062502076,0.3014858543910892
2019-07-21,0.33542626673793496,0.3029350209042904
2019-07-22,0.33481384477006765,0.30440009517117034
2019-07-23,0.33414040116814336,0.30588398663282657
2019-07-24,0.3334095541011346,0.3073868214558687
2019-07-25,0.3326293721515238,0.3089038246640334
2019-07-26,0.3318116508594398,0.31042466260389306
2019-07-27,0.33097076250729845,0.3119385536014136
2019-07-28,0.33011899175601,0.31343393859209656
2019-07-29,0.32926966152506404,0.31489704861493045
2019-07-30,0.3284384977753347,0.316314957680763
2019-07-31,0.3276399300424938,0.3176773222190843
2019-08-01,0.3268875132328737,0.3189737927922923
2019-08-02,0.3261911124547973,0.3201907365991354
2019-08-03,0.32555461900540195,0.3213146993383594
2019-08-04,0.324977136216254,0.32233818574089157
2019-08-05,0.3244582907800358,0.32326015180115136
2019-08-06,0.32399722910195533,0.32408458842240845
2019-08-07,0.3235911526374441,0.3248205649595162
2019-08-08,0.3232363390542982,0.3254801740418004
2019-08-09,0.32292671562919867,0.3260778069985662
2019-08-10,0.32265056922922464,0.32662847741991446
2019-08-11,0.3223945227472231,0.3271453668572837
2019-08-12,0.32214596864675665,0.3276379411059077
2019-08-13,0.3218929380024576,0.32811094769096155
2019-08-14,0.3216234886647337,0.32855780206620483
2019-08-15,0.32132691347224285,0.3289639652466313
2019-08-16,0.3209964968032465,0.3293120917627605
2019-08-17,0.3206303735599114,0.3295879959317182
2019-08-18,0.32022957428857396,0.3297876871189859
2019-08-19,0.3197955907179443,0.3299215341839198
2019-08-20,0.3193301177996958,0.33001460654569564
2019-08-21,0.31883412903433567,0.3301041593442265
2019-08-22,0.31830811000193115,0.3302325781086542
2019-08-23,0.31775594834523374,0.3304326158222219
2019-08-24,0.3171833422882275,0.33071953036211954
2019-08-25,0.3165982620168724,0.3310938918298432
2019-08-26,0.3160098327598363,0.33154656027152396
2019-08-27,0.3154225221914552,0.3320660723328212
2019-08-28,0.3148349598084282,0.3326415099369819
2019-08-29,0.3142407936113261,0.3332634285348674
2019-08-30,0.31363059723712355,0.3339246283799823
2019-08-31,0.31299502045822764,0.334620248716675
2019-09-01,0.3123272953373795,0.3353466741688106
2019-09-02,0.31162484028155285,0.33610214741389544
2019-09-03,0.3108895060974645,0.33688692297085726
2019-09-04,0.31012567178172756,0.33770225461517
2019-09-05,0.309338375067917,0.3385488649856783
2019-09-06,0.30853138102636257,0.33942641593481854
2019-09-07,0.3077047456236362,0.3403347125738145
2019-09-08,0.30685444634444525,0.3412755848038757
2019-09-09,0.3059737464158267,0.34225602610804434
2019-09-10,0.3050549345067821,0.3432875758616812
2019-09-11,0.30409140075447844,0.34438461120819985
2019-09-12,0.30308002124515265,0.3455613820617552
2019-09-13,0.3020207792116111,0.34683213118891626
2019-09-14,0.30091458784877784,0.34821596252033427
2019-09-15,0.29976375884079576,0.3497326109629176
2019-09-16,0.2985725994397816,0.35139625810815756
2019-09-17,0.2973462118071816,0.35321705800797454
2019-09-18,0.29608808994009556,0.35520459416752365
2019-09-19,0.2947980611204973,0.3573686576440011
2019-09-20,0.29347142624793104,0.35971832416403304
2019-09-21,0.29209950036582827,0.3622603833450876
2019-09-22,0.29067154127528294,0.3649977868204317
2019-09-23,0.28917881681135027,0.3679282194853924
2019-09-24,0.2876179754940299,0.3710434924138829
2019-09-25,0.2859866702006458,0.3743309250650619
2019-09-26,0.28428495366376716,0.3777745295031987
2019-09-27,0.28251635821089177,0.38135606704414726
2019-09-28,0.2806880302337164,0.38505778435766547
2019-09-29,0.2788107578388975,0.38886562661830565
2019-09-30,0.276898574226282,0.3927704047600105
2019-10-01,0.2749702743618202,0.39676876388965515
2019-10-02,0.27305657756039836,0.40086355992080486
2019-10-03,0.2712182961908203,0.40506569368545225
2019-10-04,0.26956130612780815,0.4093974033972158
2019-10-05,0.2682318494878795,0.41389101461524996
2019-10-06,0.2673895691882945,0.41859183359057345
2019-10-07,0.2671646660448131,0.4235548847899849
2019-10-08,0.26761800374695205,0.42883340529476716
2019-10-09,0.2687249691982225,0.43446610278242165
2019-10-10,0.2703875045230665,0.4404700473688451
2019-10-11,0.2724682829517245,0.44684037369229035
2019-10-12,0.27482683412525133,0.45355114337948005
2019-10-13,0.277343108168054,0.4605574750434159
2019-10-14,0.2799281712522143,0.46780042249199394
2019-10-15,0.2825261165884726,0.4752144446632246
2019-10-16,0.28510957813291665,0.48273513567736753
2019-10-17,0.28767277183881546,0.49030472929420815
2019-10-18,0.29022278449117617,0.4978766043677682
2019-10-19,0.29277036096669706,0.5054157480025665
2019-10-20,0.29532212246616185,0.5128941508582925
2019-10-21,0.2978781233636074,0.5202865207127431
2019-10-22,0.3004340468628344,0.5275687642960284
2019-10-23,0.3029834154660173,0.5347184242017244
2019-10-24,0.3055170357067566,0.541715982766558
2019-10-25,0.3080243219839957,0.5485476233985919
2019-10-26,0.31049681463463036,0.555210701130476
2019-10-27,0.3129344304094675,0.5617204311527876
2019-10-28,0.3153518533277883,0.5681061789785443
2019-10-29,0.31777267737397497,0.5744022544226556
2019-10-30,0.32022378260684076,0.5806456737184489
2019-10-31,0.3227297573422885,0.5868753067542173
2019-11-01,0.32531613587602703,0.5931301567524936
2019-11-02,0.32801015404547923,0.5994457375713386
2019-11-03,0.33083873689693255,0.6058472445528373
2019-11-04,0.33382383714999786,0.6123391437816638
2019-11-05,0.336974433392501,0.6188939507493022
2019-11-06,0.34027681743125093,0.6254457793769044
2019-11-07,0.3436869732239433,0.6318944083817098
2019-11-08,0.3471307533193,0.6381205434761428
2019-11-09,0.3505139789856869,0.6440068049257746
2019-11-10,0.3537426359413178,0.649457350128948
2019-11-11,0.3567454464642883,0.6544073793674318
2019-11-12,0.3594875902968369,0.6588177976173708
2019-11-13,0.3619704981887591,0.6626611859529609
2019-11-14,0.3642222554182739,0.6659204172364622
2019-11-15,0.36628396971708965,0.6686000023920359
2019-11-16,0.3681977465617968,0.6707344574369483
2019-11-17,0.369999045397294,0.6723928485501279
2019-11-18,0.37171252292399887,0.6736747424066409
2019-11-19,0.3733504588495089,0.6746823549495188
2019-11-20,0.3749183515169352,0.6754828347288403
2019-11-21,0.37642009166155044,0.6761000601663731
2019-11-22,0.37785897407955266,0.6765394409814459
2019-11-23,0.3792377178890747,0.6768025294034017
2019-11-24,0.3805584650685254,0.6768892416437678
2019-11-25,0.3818227612742422,0.6767980085273937
2019-11-26,0.383031527190761,0.6765260694156933
2019-11-27,0.3841850362454665,0.6760700065385375
2019-11-28,0.3852829266289817,0.6754266359645026
2019-11-29,0.38632429286501146,0.6745943709486141
2019-11-30,0.3873079234245295,0.6735751332373957
2019-12-01,0.3882327706483594,0.6723767901279822
2019-12-02,0.38909874557926966,0.6710159437549099
2019-12-03,0.38990790551562654,0.669520349581732
2019-12-04,0.39066582410831474,0.6679275918666705
2019-12-05,0.39138168165989123,0.6662757115322775
2019-12-06,0.39206543698894547,0.664593534757259
2019-12-07,0.3927250117470397,0.6628971994971737
2019-12-08,0.3933657148990238,0.6611929241394756
2019-12-09,0.39399106934364486,0.6594823993977745
2019-12-10,0.3946041036414444,0.6577666252270555
2019-12-11,0.39520761404404486,0.6560466172062221
2019-12-12,0.3958041059426032,0.6543233643387557
2019-12-13,0.3963957395924393,0.652597783262582
2019-12-14,0.39698428565933597,0.6508706735415478
2019-12-15,0.3975710973965346,0.649142679707707
2019-12-16,0.398157107302376,0.6474142664816901
2019-12-17,0.3987428571428607,0.6456857142857308
2019-12-18,0.3993285714285733,0.6439571428571184
2019-12-19,0.39991428571428117,0.6422285714285758
2019-12-20,0.4004999999999955,0.6405000000000005
2019-12-21,0.40108571428571466,0.638771428571431
2019-12-22,0.40167142857142724,0.6370428571428521
2019-12-23,0.4022571428571469,0.6353142857142828
2019-12-24,0.4028426654425519,0.6335864322600196
2019-12-25,0.40342670829773175,0.6318636418275818
2019-12-26,0.40400581930754803,0.6301550408561756
2019-12-27,0.40457346563182345,0.6284720863026977
2019-12-28,0.4051194656335593,0.6268243427256619
2019-12-29,0.4056299605149045,0.6252176475833017
2019-12-30,0.4060880610837026,0.6236549560926682
2019-12-31,0.4064751808280577,0.6221374912054153
2020-01-01,0.40677288915245097,0.6206656117697088
2020-01-02,0.4069649441816243,0.6192394042878541
2020-01-03,0.40703976880516957,0.6178590475413519
2020-01-04,0.4069934323591271,0.6165250132938671
2020-01-05,0.4068265700664038,0.6152381611881393
2020-01-06,0.40653842665687356,0.6139997731006543
2020-01-07,0.40612655160916455,0.6128133656226151
2020-01-08,0.4055869454825585,0.6116914878236555
2020-01-09,0.40491163804410824,0.6106569301788485
2020-01-10,0.4040876561311181,0.6097422715573249
2020-01-11,0.4030984159945488,0.6089887712120831
2020-01-12,0.40192718797980537,0.6084436405365017
2020-01-13,0.4005618233352229,0.6081526363710522
2020-01-14,0.3989989205483398,0.6081432199728282
2020-01-15,0.3972451220425162,0.6084129246439224
2020-01-16,0.39531698719895036,0.6089235185013748
2020-01-17,0.3932396630500867,0.6096030786366713
2020-01-18,0.391043909231522,0.610356914258011
2020-01-19,0.38876133949182184,0.6110840534597456
2020-01-20,0.38642119450844753,0.6116956792195526
2020-01-21,0.38404789935641953,0.6121277805593446
2020-01-22,0.3816593935575292,0.6123451804615452
2020-01-23,0.37926646163649264,0.6123385626778828
2020-01-24,0.37687385643936,0.6121180654759492
2020-01-25,0.37448408888341883,0.6117069670576996
2020-01-26,0.3720981790162211,0.6111363840076284
2020-01-27,0.3697144901384669,0.610440079599897
2020-01-28,0.3673275705187297,0.60965283193996
2020-01-29,0.36492886501816246,0.6088146361797734
2020-01-30,0.36250848892950377,0.6079672910323501
2020-01-31,0.3600567498593984,0.607150233768989
2020-02-01,0.3575652508334043,0.6063974829548847
2020-02-02,0.3550276486489595,0.6057358352842291
2020-02-03,0.35244012026622384,0.6051841459997397
2020-02-04,0.34980157865860745,0.6047534013291651
2020-02-05,0.34711297203388686,0.6044465317926005
2020-02-06,0.34437533372641466,0.6042575276708886
2020-02-07,0.34159183614849653,0.6041748559948784
2020-02-08,0.33877031808803537,0.6041827605513599
2020-02-09,0.33592164317014417,0.6042621560597914
2020-02-10,0.3330583223740516,0.6043898963159918
2020-02-11,0.330194450712672,0.6045385777172935
2020-02-12,0.32734597399911536,0.6046765520236643
2020-02-13,0.32453032754955763,0.6047679814162774
2020-02-14,0.32176582099368245,0.6047724533368968
2020-02-15,0.31907096452700984,0.6046449403521822
2020-02-16,0.3164638031705451,0.6043379496354241
2020-02-17,0.313961268992378,0.6038045248225925
2020-02-18,0.3115781306296162,0.6030033180858226
2020-02-19,0.30932605132530877,0.6019057985199959
2020-02-20,0.3072130246106771,0.6005030562047325
2020-02-21,0.30524327526817996,0.598809316816455
2020-02-22,0.3034171835582735,0.5968600540547007
2020-02-23,0.30173136056393796,0.5947054770972062
2020-02-24,0.30017894828004504,0.5924020432182221
2020-02-25,0.29875005724350795,0.5900048409753659
2020-02-26,0.29743192159147436,0.5875625521598595
2020-02-27,0.2962088707311685,0.5851143315814297
2020-02-28,0.29506354219882774,0.5826881142990272
2020-02-29,0.29397851154357185,0.5803042894060644
2020-03-01,0.2929375710931735,0.5779810323257912
2020-03-02,0.29192629947638765,0.575736224824055
2020-03-03,0.29093203952753804,0.5735862869498569
2020-03-04,0.28994361692052506,0.5715446211617257
2020-03-05,0.28895092563541674,0.5696215473453646
2020-03-06,0.28794459686573487,0.5678246726614684
2020-03-07,0.28691582776366015,0.5661592102547922
2020-03-08,0.28585632262287786,0.5646281361818707
2020-03-09,0.2847585037446668,0.5632319997923786
2020-03-10,0.28361697224685756,0.561967803725296
2020-03-11,0.2824294258246982,0.5608268772776599
2020-03-12,0.28119697262106713,0.5597937508034788
2020-03-13,0.2799247946516739,0.5588456880985081
2020-03-14,0.27862213371216854,0.5579566699986029
2020-03-15,0.27730074335783134,0.557099313183264
2020-03-16,0.2759725105315366,0.5562465915399768
2020-03-17,0.2746463450814081,0.5553751728005947
2020-03-18,0.27332729188665333,0.5544686612142338
2020-03-19,0.272019069222665,0.5535185238698643
2020-03-20,0.2707245896002877,0.5525199083690334
2020-03-21,0.26944565370085705,0.5514751174106571
2020-03-22,0.2681835778368438,0.5503925781725981
2020-03-23,0.26693999056647677,0.549282866087774
2020-03-24,0.26571712231341715,0.5481576736770752
2020-03-25,0.2645165744678923,0.5470324653919386
2020-03-26,0.2633386571214508,0.5459254029202034
2020-03-27,0.26218236783748056,0.5448522957826833
2020-03-28,0.26104516408856837,0.5438174837538009
2020-03-29,0.25992212252491753,0.542814203881773
2020-03-30,0.2588048362220495,0.5418215554036163
2020-03-31,0.2576837050104215,0.540802947318235
2020-04-01,0.25655045389648035,0.5397086593068752
2020-04-02,0.25539915941200386,0.5384846134892713
2020-04-03,0.25422679017542577,0.537088038516976
2020-04-04,0.25303091931914173,0.535485722592904
2020-04-05,0.25180847152587443,0.5336547969956873
2020-04-06,0.25055687141969457,0.531581039210934
2020-04-07,0.24927588290560002,0.529266170643806
2020-04-08,0.24796889975148434,0.5267325597297475
2020-04-09,0.24664295412131254,0.5240158493638924
2020-04-10,0.24530701153725107,0.5211536148778787
2020-04-11,0.24396767935591024,0.5181721858427105
2020-04-12,0.2426308802212495,0.5150833065906709
2020-04-13,0.24130404500008176,0.5118996925731862
2020-04-14,0.23999647995715345,0.5086314199716809
2020-04-15,0.23871966869517083,0.5052794072495206
2020-04-16,0.23748715719834274,0.5018356902445388
2020-04-17,0.23631430853387708,0.4982874891043383
2020-04-18,0.2352178225240575,0.49462263439328075
2020-04-19,0.2342145590729135,0.4908325025436533
2020-04-20,0.2333204033155987,0.4869099528741822
2020-04-21,0.23254910168145806,0.4828486564205424
2020-04-22,0.23191200249211555,0.4786429557734
2020-04-23,0.2314178150685847,0.4742865502758336
2020-04-24,0.23107164211200107,0.4697726484411668
2020-04-25,0.23087533102775734,0.46509572230683915
2020-04-26,0.23083156653747033,0.46025266331511794
2020-04-27,0.23094568205622912,0.4552422359725299
2020-04-28,0.23122329570102515,0.45006510911158576
2020-04-29,0.23166626703369997,0.4447242495902032
2020-04-30,0.23227108502005156,0.43922510881871457
2020-05-01,0.23303285401610205,0.43357540414115225
2020-05-02,0.2339450634074452,0.4277860201246586
2020-05-03,0.23499459607558446,0.4218733531080299
2020-05-04,0.23616512547123,0.41586845335382866
2020-05-05,0.23744090697231587,0.4098292324838461
2020-05-06,0.2388084011844224,0.4038464716503787
2020-05-07,0.24025760554528133,0.39803800463136124
2020-05-08,0.24178256161835418,0.3925281132077957
2020-05-09,0.24338105888242462,0.3874300885124419
2020-05-10,0.2450531514465434,0.38281427272391233
2020-05-11,0.2467989908271224,0.37868161511958703
2020-05-12,0.24861963257340128,0.3749612851518214
2020-05-13,0.2505116095377631,0.37153690318302585
2020-05-14,0.2524663230593515,0.36828906256958155
2020-05-15,0.25447075706521843,0.36512635554601747
2020-05-16,0.2565103561424898,0.3619920706369389
2020-05-17,0.25857334721198166,0.3588597903808238
2020-05-18,0.26065441285384017,0.3557282752501423
2020-05-19,0.2627560368113281,0.3526122210546581
2020-05-20,0.2648874076419316,0.34953197119896995
2020-05-21,0.26706040904162925,0.34650131193292305
2020-05-22,0.26928493422128136,0.34352371200758036
2020-05-23,0.2715656209662204,0.3405970614457513
2020-05-24,0.27390257004986174,0.3377092180359756
2020-05-25,0.27629375657468025,0.33483830840806134
2020-05-26,0.2787403362701607,0.33196371196064756
2020-05-27,0.28124539763978734,0.32907569314331814
2020-05-28,0.28380587524984086,0.32617582376744336
2020-05-29,0.28641321538007725,0.32327078330113623
2020-05-30,0.28905524352357265,0.3203717750592584
2020-05-31,0.29171747997533504,0.31749104757048363
2020-06-01,0.29438594636831367,0.3146320223210036
2020-06-02,0.2970510179670372,0.31178475057447197
2020-06-03,0.2997047931523689,0.30894314841249226
2020-06-04,0.30234010545457346,0.30611524206467405
2020-06-05,0.30495100132204894,0.3033280723956728
2020-06-06,0.30753176107752556,0.3006250015004892
2020-06-07,0.3100776854536151,0.2980610853930896
2020-06-08,0.31258865630134514,0.2957181973904703
2020-06-09,0.31506630247301104,0.2936986739231715
2020-06-10,0.3175102474802242,0.2920859794494352
2020-06-11,0.3199168034697497,0.2909418761195785
2020-06-12,0.322281640584366,0.2903227238471209
2020-06-13,0.3246036695402584,0.29026579686382487
2020-06-14,0.32688720654718995,0.2907629593818156
2020-06-15,0.3291443850481011,0.2917475656593804
2020-06-16,0.3313924715933071,0.2931211193537638
2020-06-17,0.33365730704036,0.29476524911724133
2020-06-18,0.33596958446910064,0.29655393518592843
2020-06-19,0.3383593411292108,0.29838109790088774
2020-06-20,0.3408500566115323,0.30016842802321875
2020-06-21,0.3434522528080639,0.3018613249588738
2020-06-22,0.34615783579440546,0.3034236403271775
2020-06-23,0.348937270786428,0.3048347855538678
2020-06-24,0.3517415767106036,0.3060878131752219
2020-06-25,0.354509188923479,0.3071861585287332
2020-06-26,0.357176576445728,0.30814020595406194
2020-06-27,0.35968859324459634,0.30896413855571914
2020-06-28,0.3620014674797841,0.30967039344070685
2020-06-29,0.3640826464926146,0.31026223491589117
2020-06-30,0.365911068953764,0.31074064967198095
2020-07-01,0.3674768532096744,0.3111117774370866
2020-07-02,0.36877909329952746,0.3113867480793825
2020-07-03,0.36982412567323614,0.3115785795870155
2020-07-04,0.37062572269114846,0.3116978867948831
2020-07-05,0.3712061851940416,0.31174858121375026
2020-07-06,0.371599290310631,0.31172649516998885
2020-07-07,0.37184839498901423,0.31162297300733444
2020-07-08,0.3719940805300679,0.31143693401951866
2020-07-09,0.3720714245034978,0.31118123272872295
2020-07-10,0.37211581118218207,0.3108686464822709
2020-07-11,0.37215668409445457,0.3105127234845008
2020-07-12,0.3722116870652872,0.3101242171513642
2020-07-13,0.3722872117638787,0.3097068647243336
2020-07-14,0.3723824551793077,0.3092550305560906
2020-07-15,0.37249401534143584,0.30875371892315967
2020-07-16,0.3726136624123209,0.30819654884238085
2020-07-17,0.3727302480241373,0.3075851270625073
2020-07-18,0.3728320259888705,0.30691897965413345
2020-07-19,0.3729069039619115,0.3061892294716239
2020-07-20,0.372938785234972,0.305387756691142
2020-07-21,0.3729045036406812,0.3045137039313823
2020-07-22,0.3727736372033761,0.30356138376217773
2020-07-23,0.3725119996130937,0.30251862677060876
2020-07-24,0.37208679953308826,0.30137539574843936
2020-07-25,0.37147265391925904,0.30013846310542264
2020-07-26,0.3706545986549274,0.29881926127060576
2020-07-27,0.36962858566507345,0.29743474537338205
2020-07-28,0.3683998595595256,0.29601578817888635
2020-07-29,0.3669798217538076,0.2945967480556549
2020-07-30,0.3653869458653163,0.29321877749037634
2020-07-31,0.36365244957784215,0.29192807613227884
2020-08-01,0.3618191516330735,0.2907687133974063
2020-08-02,0.35992656437082826,0.28976777150069893
2020-08-03,0.3580023309912972,0.2889393295059703
2020-08-04,0.3560584526953041,0.2882890717659604
2020-08-05,0.35409770065701424,0.28781715497568167
2020-08-06,0.3521202647624473,0.2875197805162332
2020-08-07,0.3501298678710316,0.28739492780982856
2020-08-08,0.3481327048802945,0.2874476022822355
2020-08-09,0.34613477357573563,0.2876887536629403
2020-08-10,0.34414313423198284,0.2881291747492726
2020-08-11,0.34216126707875766,0.28877311601610195
2020-08-12,0.3401859186180063,0.28961373397059414
2020-08-13,0.3382134074757346,0.29062943527465446
2020-08-14,0.3362365814820243,0.29179152349906834
2020-08-15,0.3342498807196758,0.29307006996765983
2020-08-16,0.33225866683242805,0.2944338151522639
2020-08-17,0.33027216709701746,0.29584714746653806
2020-08-18,0.32829920218401787,0.2972712119551669
2020-08-19,0.32634597285229705,0.29867226287351145
2020-08-20,0.3244130144373211,0.30002834708739423
2020-08-21,0.32249340687362893,0.3013305948654963
2020-08-22,0.32057368823338717,0.30258020581377715
2020-08-23,0.3186359912311753,0.30378300230487004
2020-08-24,0.31666398255639056,0.30494496093072154
2020-08-25,0.31465586043118865,0.306073602029053
2020-08-26,0.31262629909692913,0.3071769161422495
2020-08-27,0.3106029143544421,0.30826073862894915
2020-08-28,0.3086194510350674,0.30932994024780774
2020-08-29,0.306706373811381,0.31038891888467535
2020-08-30,0.30488132629243764,0.31144117980453706
2020-08-31,0.30314271753273564,0.3124912630157694
2020-09-01,0.30146784366020546,0.3135423537396362
2020-09-02,0.2998185301391136,0.31459033612763165
2020-09-03,0.2981553022977662,0.3156177575113449
2020-09-04,0.29644937539042043,0.3166035278208489
2020-09-05,0.2946882912059209,0.3175276323492307
2020-09-06,0.2928752430210226,0.31837852321842
2020-09-07,0.2910229846311935,0.31915685976846603
2020-09-08,0.2891484944521548,0.3198732407870884
2020-09-09,0.28727062982060375,0.3205418619642225
2020-09-10,0.28541113577413846,0.321169339075559
2020-09-11,0.28359691891322575,0.32174895926194813
2020-09-12,0.2818555308674058,0.3222695343824228
2020-09-13,0.2802099018738449,0.32272544883590404
2020-09-14,0.27868514056624094,0.3231079301612201
2020-09-15,0.2772949189578124,0.32340887186195016
2020-09-16,0.27603414990946934,0.3236222320245007
2020-09-17,0.27488559496341586,0.323741847048507
2020-09-18,0.2738295508200493,0.32376340304292406
2020-09-19,0.27284988630340856,0.3236788219767552
2020-09-20,0.27193339487229506,0.3234917517126771
2020-09-21,0.2710647158989301,0.32322207951875104
2020-09-22,0.270232362271908,0.32289281671711256
2020-09-23,0.2694347972199316,0.32252100829565694
2020-09-24,0.26867234656153305,0.32211543150803457
2020-09-25,0.2679452637994198,0.3216877142833895
2020-09-26,0.2672541381117026,0.3212671842524593
2020-09-27,0.2666002439880685,0.32088671967953086
2020-09-28,0.26598598714798627,0.3205707506690409
2020-09-29,0.26541434135163133,0.32034181266209655
2020-09-30,0.26488714037868116,0.320222762474789
2020-10-01,0.2644024321590261,0.32024082652140723
2020-10-02,0.2639508724422377,0.3204323517000853
2020-10-03,0.2635136385321959,0.3208391696527104
2020-10-04,0.26306917156824,0.3215041183861377
2020-10-05,0.2626064789324491,0.3224568544500736
2020-10-06,0.26212429024561906,0.32370582120438357
2020-10-07,0.2616306635509894,0.32523591199004126
2020-10-08,0.2611409633382335,0.3270156818816664
2020-10-09,0.26075626779541894,0.3302080956736282
2020-10-10,0.2604666236115006,0.33343102476005293
2020-10-11,0.26026761514075264,0.33653315139849405
2020-10-12,0.2601478159021424,0.3394885166521575
2020-10-13,0.2600950056839286,0.3423209858323343
2020-10-14,0.2600982137204413,0.3450640577998959
2020-10-15,0.260148123491658,0.3477474398929032
2020-10-16,0.2602369639521714,0.3503942190298473
2020-10-17,0.26035828591837945,0.35302123678690817
2020-10-18,0.26050671318707974,0.3556401770438079
2020-10-19,0.2606776296929559,0.3582588209860576
2020-10-20,0.26086694843635977,0.3608825303771927
2020-10-21,0.2610709902706924,0.36351505314177796
2020-10-22,0.26128643768482795,0.3661590022525223
2020-10-23,0.26151031710448475,0.3688161915769734
2020-10-24,0.2617400884571634,0.37148787041324677
2020-10-25,0.2619737586390079,0.37417488723626724
2020-10-26,0.2622098907956185,0.37687780421213946
2020-10-27,0.262447584632316,0.3795969709575316
2020-10-28,0.26268645062792645,0.38233247033168916
2020-10-29,0.2629265742107694,0.3850840090416781
2020-10-30,0.26316846657721277,0.38785150392299167
2020-10-31,0.26341300024741804,0.3906349404934986
2020-11-01,0.26366133831373073,0.3934343588840048
2020-11-02,0.26391487143496584,0.39625018875063317
2020-11-03,0.264175095318907,0.3990832578531456
2020-11-04,0.26444346082782244,0.4019344789251858
2020-11-05,0.26472122616049015,0.4048044322070027
2020-11-06,0.26500937347372033,0.40769320514088336
2020-11-07,0.26530865890850186,0.4106008010770185
2020-11-08,0.26561948425324267,0.41352715245184674
2020-11-09,0.26594184686612965,0.4164719991127125
